ts,oi
1787979600000,626923.89
1787983200000,627075.37
1787986800000,628375.96
1787990400000,629211.75
1787994000000,631036.02
1787997600000,631062.34
1788001200000,629885.54
1788004800000,629458.65
1788008400000,629509.86
1788012000000,627759.66
1788015600000,626945.04
1788019200000,626648.98
1788022800000,626402.65
1788026400000,626938.63
1788030000000,625801.68
1788033600000,625737.81
1788037200000,625577.05
1788040800000,625171.55
1788044400000,626219.59
1788048000000,624593.52
1788051600000,623917.49
1788055200000,625655.04
1788058800000,624734.05
1788062400000,624744.02
1788066000000,623814.12
1788069600000,623827.06
1788073200000,624496.89
1788076800000,626237.04
1788080400000,624780.54
1788084000000,625360.99
1788087600000,625436.59
1788091200000,624738.49
1788094800000,622973.59
1788098400000,620802.99
1788102000000,619993.43
1788105600000,619324.78
1788109200000,619159.66
1788112800000,619191.55
1788116400000,619432.89
1788120000000,619635.56
1788123600000,620497.82
1788127200000,621691
1788130800000,622180.01
1788134400000,618444.95
1788138000000,620230.25
1788141600000,620623.78
1788145200000,622039.55
1788148800000,622179.01
1788152400000,623706.06
1788156000000,623550.53
1788159600000,624068.34
1788163200000,624557.2
1788166800000,624914.11
1788170400000,625903.98
1788174000000,627194.67
1788177600000,627542.04
1788181200000,627726.74
1788184800000,627207.25
1788188400000,624779.75
1788192000000,625181.07
1788195600000,625614.7
1788199200000,626748.71
1788202800000,625859.16
1788206400000,624065.09
1788210000000,623967.36
1788213600000,623239.32
1788217200000,623475.55
1788220800000,623423.81
1788224400000,623728.29
1788228000000,623197.73
1788231600000,623012.86
1788235200000,622691.53
1788238800000,623302.38
1788242400000,623540.19
1788246000000,623694.49
1788249600000,623603.45
1788253200000,623197.77
1788256800000,620939.62
1788260400000,620686.7
1788264000000,620648.33
1788267600000,620931.31
1788271200000,620171.45
1788274800000,620653.04
1788278400000,620563.54
1788282000000,620998.03
1788285600000,621157.31
1788289200000,622004.37
1788292800000,621999.6
1788296400000,621087.58
1788300000000,624335.63
1788303600000,624048.33
1788307200000,622727.32
1788310800000,620238.59
1788314400000,620425.22
1788318000000,617996.93
1788321600000,614423.42
1788325200000,613864.16
1788328800000,611439.9
1788332400000,608782.06
1788336000000,608114.97
1788339600000,608173.11
1788343200000,608276.89
1788346800000,608014.58
1788350400000,607932.45
1788354000000,607122.49
1788357600000,605721.19
1788361200000,605902.11
1788364800000,605136.26
1788368400000,607099.17
1788372000000,606139.88
1788375600000,607245.93
1788379200000,607582.2
1788382800000,607439.43
1788386400000,606789.42
1788390000000,606697.27
1788393600000,607158.13
1788397200000,607068.39
1788400800000,607615.19
1788404400000,607242.43
1788408000000,607697.82
1788411600000,606861.97
1788415200000,607284.11
1788418800000,611006.53
1788422400000,612237.9
1788426000000,615611.03
1788429600000,617564.28
1788433200000,619697.9
1788436800000,628682.97
1788440400000,630552.85
1788444000000,629072.7
1788447600000,631769.08
1788451200000,638605.95
1788454800000,640233.47
1788458400000,639894.59
1788462000000,639599.05
1788465600000,639084.5
1788469200000,639390.22
1788472800000,638982.35
1788476400000,638241.75
1788480000000,639214.99
1788483600000,641303.41
1788487200000,643647.88
1788490800000,642780.13
1788494400000,642675.28
1788498000000,644625.35
1788501600000,645504.17
1788505200000,646146.53
1788508800000,639703.85
1788512400000,636137.49
1788516000000,633906.8
1788519600000,631640.04
1788523200000,631740.77
1788526800000,630725.3
1788530400000,630458.61
1788534000000,629452.51
1788537600000,630172.7
1788541200000,629336.2
1788544800000,630990.61
1788548400000,631294.58
1788552000000,630120.83
1788555600000,629601.25
1788559200000,629250.91
1788562800000,628769.31
1788566400000,627477.63
1788570000000,624422.16
1788573600000,624322.1
1788577200000,625676.15
1788580800000,626564.1
1788584400000,627298.42
1788588000000,627463.19
1788591600000,630983.24
1788595200000,643550.87
1788598800000,658525.06
1788602400000,658320.62
1788606000000,662273.74
1788609600000,674620.66
1788613200000,682242.81
1788616800000,690118.2
1788620400000,704078.6
1788624000000,706025.2
1788627600000,714576.28
1788631200000,712916.5
1788634800000,714168.47
1788638400000,712061.96
1788642000000,711669.02
1788645600000,711563.03
1788649200000,710189.67
1788652800000,703231.84
1788656400000,701195.86
1788660000000,701334.85
1788663600000,701673.92
1788667200000,699481.48
1788670800000,697096.03
1788674400000,693894.34
1788678000000,688567.59
1788681600000,683317.25
1788685200000,682060.01
1788688800000,678952.39
1788692400000,677640
1788696000000,674292.13
1788699600000,674563.61
1788703200000,676812.43
1788706800000,668920.05
1788710400000,668447.62
1788714000000,664846.45
1788717600000,661027.06
1788721200000,658537.63
1788724800000,657704.64
1788728400000,657114.82
1788732000000,653734.73
1788735600000,652700.57
1788739200000,651061.66
1788742800000,654141.84
1788746400000,651976.69
1788750000000,646777.86
1788753600000,648192.68
1788757200000,648666.11
1788760800000,649305.26
1788764400000,648184.99
1788768000000,646068.25
1788771600000,644823.09
1788775200000,644037.32
1788778800000,643452.7
1788782400000,643129.53
1788786000000,643174.09
1788789600000,641187.15
1788793200000,641142.63
1788796800000,641398.67
1788800400000,640105.33
1788804000000,640205.64
1788807600000,639226.38
1788811200000,638966.53
1788814800000,638259.91
1788818400000,637432.81
1788822000000,637357.39
1788825600000,636031.94
1788829200000,635115.95
1788832800000,635010.06
1788836400000,637023.66
1788840000000,638461.29
1788843600000,639715.91
1788847200000,641376.95
1788850800000,640390.71
1788854400000,643801.6
1788858000000,646338.06
1788861600000,645096.29
1788865200000,645280.48
1788868800000,643109.9
1788872400000,641659.23
1788876000000,637353.69
1788879600000,634319.21
1788883200000,632553.58
1788886800000,631805.11
1788890400000,631503.03
1788894000000,630824.15
1788897600000,630611.59
1788901200000,628332.18
1788904800000,628672.64
1788908400000,627973.07
1788912000000,628817.27
1788915600000,627349.63
1788919200000,626437.48
1788922800000,625854.43
1788926400000,625325.81
1788930000000,623726.62
1788933600000,623497
1788937200000,623419.01
1788940800000,623048.64
1788944400000,623301.4
1788948000000,622213.84
1788951600000,621587.09
1788955200000,622241.02
1788958800000,622670.06
1788962400000,620764.84
1788966000000,619273.85
1788969600000,613262.57
1788973200000,612043.03
1788976800000,610805.25
1788980400000,612094.53
1788984000000,613053.33
1788987600000,609834.38
1788991200000,606709.61
1788994800000,605038.51
1788998400000,605265.84
1789002000000,606038.55
1789005600000,604283.84
1789009200000,605752.88
1789012800000,605888.85
1789016400000,607831.21
1789020000000,608273.74
1789023600000,611556.98
1789027200000,611501.78
1789030800000,612082.15
1789034400000,613704.38
1789038000000,613172.8
1789041600000,614601.24
1789045200000,604842.04
1789048800000,606069.25
1789052400000,607709.03
1789056000000,607192.75
1789059600000,605356.86
1789063200000,606056.81
1789066800000,607269.8
1789070400000,607403.85
1789074000000,606894.72
1789077600000,605994.3
1789081200000,606556.63
1789084800000,606366.62
1789088400000,605483.15
1789092000000,605903.6
1789095600000,604443.21
1789099200000,604722.07
1789102800000,606495.24
1789106400000,606849.57
1789110000000,607532.87
1789113600000,606264.16
1789117200000,605665.94
1789120800000,604872.43
1789124400000,604213.26
1789128000000,604722.25
1789131600000,602991.83
1789135200000,598936.67
1789138800000,597775.66
1789142400000,602839.52
1789146000000,602354.52
1789149600000,601798.53
1789153200000,599680.33
1789156800000,602156.86
1789160400000,603814.99
1789164000000,603567.67
1789167600000,603424.97
1789171200000,603492.8
1789174800000,602683.63
1789178400000,603869.45
1789182000000,604786.91
1789185600000,603599.22
1789189200000,603562.1
1789192800000,603005.78
1789196400000,603051.84
1789200000000,605542.59
1789203600000,604449.08
1789207200000,605637.71
1789210800000,604127.92
1789214400000,605678.29
1789218000000,606209.1
1789221600000,606640.14
1789225200000,605199.98
1789228800000,604612.58
1789232400000,604043.14
1789236000000,603118.47
1789239600000,603568.69
1789243200000,602009.61
1789246800000,601627.38
1789250400000,601112.97
1789254000000,600860.12
1789257600000,600169.45
1789261200000,600667.42
1789264800000,600635.33
1789268400000,601040.91
1789272000000,600099.57
1789275600000,600277.37
1789279200000,600637.8
1789282800000,601743.58
1789286400000,603077.77
1789290000000,602317.75
1789293600000,602959.22
1789297200000,602713.38
1789300800000,602367.12
1789304400000,603502.52
1789308000000,605833.63
1789311600000,604026.95
1789315200000,603438.7
1789318800000,603445.92
1789322400000,603284.2
1789326000000,603654.31
1789329600000,602350.79
1789333200000,601432.16
1789336800000,600858.75
1789340400000,599496.33
1789344000000,598782.16
1789347600000,598562.4
1789351200000,600230
1789354800000,601074.14
1789358400000,599680.75
1789362000000,598655.87
1789365600000,599189.11
1789369200000,601029.55
1789372800000,601154.78
1789376400000,600864.39
1789380000000,599365.98
1789383600000,600761.15
1789387200000,600381.99
1789390800000,599660.79
1789394400000,601118.96
1789398000000,600913.05
1789401600000,601875
1789405200000,602148.68
1789408800000,601438.43
1789412400000,599576.22
1789416000000,598577.74
1789419600000,596254.31
1789423200000,590832.86
1789426800000,600348.49
1789430400000,596879.01
1789434000000,594543.33
1789437600000,595801.3
1789441200000,596945.26
1789444800000,597572.77
1789448400000,598085.83
1789452000000,597821.1
1789455600000,597836.59
1789459200000,597340.77
1789462800000,596646.45
1789466400000,596823.87
1789470000000,596530.08
1789473600000,597475.06
1789477200000,598755.12
1789480800000,599247.48
1789484400000,598448.97
1789488000000,599012.98
1789491600000,599078.04
1789495200000,598830.96
1789498800000,594461.37
1789502400000,595439.84
1789506000000,597379.75
1789509600000,597882.53
1789513200000,595765.79
1789516800000,595848.06
1789520400000,595876.49
1789524000000,596277.45
1789527600000,597345.39
1789531200000,597683.26
1789534800000,598572.29
1789538400000,598116.5
1789542000000,597341.87
1789545600000,598018.78
1789549200000,599147.86
1789552800000,597438.59
1789556400000,597751.91
1789560000000,597031.37
1789563600000,596463.69
1789567200000,596396.18
1789570800000,597362.91
1789574400000,597530.42
1789578000000,597040.34
1789581600000,593945.81
1789585200000,595614.08
1789588800000,597601.86
1789592400000,597206.4
1789596000000,597233.16
1789599600000,598554.7
1789603200000,599198.38
1789606800000,600789.64
1789610400000,602251.07
1789614000000,601707.41
1789617600000,602282.11
1789621200000,602720.16
1789624800000,603387.35
1789628400000,602647.53
1789632000000,603544.19
1789635600000,604594.48
1789639200000,604792.79
1789642800000,603241.46
1789646400000,601614.89
1789650000000,599566.97
1789653600000,597584.29
1789657200000,599640
1789660800000,600499.89
1789664400000,601459.33
1789668000000,602240.05
1789671600000,603696.36
1789675200000,611030.03
1789678800000,612380.01
1789682400000,612001.77
1789686000000,612699.02
1789689600000,612782
1789693200000,614630.97
1789696800000,622929.43
1789700400000,630025.56
1789704000000,628879.27
1789707600000,628594.17
1789711200000,628912.01
1789714800000,629399.7
1789718400000,634709.48
1789722000000,637970.11
1789725600000,637455.13
1789729200000,636279.76
1789732800000,634433.09
1789736400000,631046.04
1789740000000,622571.04
1789743600000,623399
1789747200000,617943.95
1789750800000,618449.23
1789754400000,618513.5
1789758000000,619072.4
1789761600000,622238.5
1789765200000,620751.85
1789768800000,620701.18
1789772400000,621156.37
1789776000000,620163.85
1789779600000,621609.8
